first_name,last_name,job_title,department,email,address,phone_number,salary,password
Mark,Thomas,Forensic psychologist,"Scientist, product/process development",alexandersullivan@example.com,New Barbara,001-235-575-0312x740,44784,4PnIwrxJ
Anthony,Clark,Scientific laboratory technician,Audiological scientist,lisa42@example.org,West Amberland,218-844-2108,76318,RBRLqM8c
Julia,Molina,Risk analyst,"Scientist, audiological",abenton@example.com,Port Judy,495-372-1178,91979,9v3IOA2i
Christine,Dixon,Public house manager,"Secretary, company",cynthia53@example.org,Castillomouth,255-899-2194x338,22153,gyOj9bbB
Kristin,Jackson,Furniture conservator/restorer,Building control surveyor,xlewis@example.com,Floreshaven,7195145322,82115,Pu1hBr3M
Veronica,Thomas,Higher education careers adviser,Dancer,garrettdoyle@example.com,Donaldsonmouth,+1-668-850-6510,58027,xa10yM0L
Katie,Sutton,Make,"Teacher, secondary school",michelledavenport@example.com,West Wanda,+1-940-722-8729x0596,19895,0FqnG7Uy
Sarah,Scott,Music tutor,"Administrator, Civil Service",vmiller@example.net,Katelynberg,4197184535,19160,Ihm1H2IG
Karen,Anthony,"Administrator, Civil Service",Occupational therapist,nicholas93@example.org,New Jennifer,835.844.0929x03212,81258,XcfNkr7V
John,Gibson,Barrister,Patent examiner,mercedes06@example.org,Lake Tiffanybury,(711)278-0833x9300,22480,xECdLte8
Heather,Morgan,Mudlogger,Camera operator,amandapatterson@example.org,Fernandezville,001-522-327-1997x13745,86354,TXXRaL0R
Michael,Cooper,"Pharmacist, hospital",Cartographer,jennifer01@example.com,Theresahaven,393-910-6394x71458,41067,ThbQKgXE
Kevin,Martin,"Engineer, chemical",Sports coach,qmack@example.org,Krystalbury,9225126514,89640,vGL39U2f
Gary,Hall,Farm manager,Volunteer coordinator,smithbrooke@example.org,Nicolechester,651-440-7005x46862,11248,ZLa6mmCF
Scott,Martinez,Hotel manager,Tourism officer,thomasrobbins@example.com,Lake Jonathanberg,812.840.0899x5602,23062,8uoUZRyJ
Patricia,Cole,Music therapist,"Production assistant, radio",dana23@example.com,Lake Stephen,(395)813-5329,50692,8AM61gkx
Nicholas,Gonzalez,Personnel officer,"Engineer, mining",dcoleman@example.org,West Andreafort,(838)201-2421,45029,BEFXazwn
Leah,Ochoa,"Surveyor, minerals",Print production planner,jaclyndavis@example.org,Port Elizabeth,001-940-843-6801x050,94737,EzXjfFir
Autumn,Ward,Microbiologist,"Scientist, forensic",stephanie85@example.org,Matthewbury,(709)380-2857x2298,12305,7lkBNhFk
Anthony,Gibbs,"Administrator, arts",Health service manager,jhudson@example.com,North Jamesside,537.558.1423,41669,pOaa6TpP
Chelsea,Anderson,Solicitor,Aid worker,baxtermichael@example.org,Danastad,487.741.5005x2548,31201,BoBjZmcc
Sarah,Townsend,Press photographer,Ship broker,andersonjose@example.net,East Samuelborough,513.229.9504,41959,op3Ju4wo
Angela,White,Restaurant manager,Primary school teacher,jenniferwalker@example.net,Andreafurt,(730)423-5862x92072,76209,ODyxfmXJ
Benjamin,Jones,Manufacturing engineer,Site engineer,tracy83@example.org,South Alejandroburgh,001-486-515-3694x8801,57803,FFEcY0jp
Lindsay,Stevens,"Pilot, airline",Electronics engineer,upeterson@example.org,Hurleybury,776-899-0103x737,54244,dc2NxGTD
Robert,Jordan,Medical technical officer,Marketing executive,clarkjohn@example.com,Josephshire,616-223-0622,97087,NRDurCbS
Patricia,Estrada,"Accountant, chartered",Database administrator,justinklein@example.org,North Steven,5804349904,22336,4yttK5FY
Nicholas,Keller,"Lecturer, higher education",Arts administrator,russellelaine@example.org,Jamiechester,536.993.9269x4851,12298,17rAoUOW
Troy,Baker,Translator,Research scientist (life sciences),mccallalyssa@example.com,West Rebeccaland,(961)596-9553x79108,18378,z8potsz1
Elizabeth,Myers,Management consultant,"Runner, broadcasting/film/video",hmcclain@example.net,Perezmouth,402.716.0032x9605,52382,zNlqDaYb
Jose,Page,Games developer,"Engineer, chemical",yesenia02@example.com,South Janet,632.558.9618,82060,2oGySJfn
Kellie,Martin,Theatre stage manager,Fine artist,danielgibson@example.net,Port Janeton,941.896.1341,78201,xQGVHtWo
Benjamin,Ayala,"Lecturer, higher education","Exhibitions officer, museum/gallery",brianjackson@example.net,New Karen,(262)217-2491x461,14970,3l7RmoHN
Kimberly,Wise,"Conservator, furniture",Glass blower/designer,dawnwall@example.com,West Juliebury,451-780-5259x3854,45443,CgZi9YxT
Lisa,Francis,Banker,Mechanical engineer,brownsean@example.net,Sallyhaven,001-634-420-7438x52268,10545,uUFHASQ7
Patrick,Reilly,"Investment banker, corporate","Surveyor, mining",fgarcia@example.net,Lake Kimberlytown,518-852-9738x991,38987,Y8BbiMXl
Edward,Schmidt,"Engineer, energy",Herpetologist,robinsonjoshua@example.net,Evansmouth,923.477.9925x54172,68916,HmgHGCcS
Ian,Ramirez,Sport and exercise psychologist,"Psychotherapist, dance movement",scott95@example.org,Amandaville,+1-210-854-0244,24515,G4ysYPCD
Derrick,Crawford,Newspaper journalist,Company secretary,christinacardenas@example.com,Dakotaberg,001-988-948-6810x280,62696,ZivGpikY
Bruce,Barnes,Industrial/product designer,Sales promotion account executive,kevin93@example.org,Lake Rebeccaville,(235)317-7088x776,93864,Px7XNpry
Kenneth,James,"Engineer, control and instrumentation","Buyer, industrial",robinlopez@example.org,Foxport,(373)273-8794,95196,bfAB8Ejf
Cynthia,Ball,Medical physicist,Video editor,myates@example.org,Alejandrohaven,395-671-7220,96382,TkANPa9j
Kathryn,Murray,Site engineer,"Engineer, energy",clambert@example.net,East Jasonland,5338290342,51808,N0Ov93Tz
Jonathan,Gonzalez,Location manager,Animal nutritionist,sharon88@example.net,Nicholasburgh,303-869-6992x12338,58866,6SmdLdX7
Karina,Taylor,Hotel manager,Geophysicist/field seismologist,clayton06@example.com,Thompsonside,2048927922,86588,1xesNPgm
Jessica,Cruz,Investment analyst,Art gallery manager,wsaunders@example.org,East Tammyside,457.478.2388x65195,99848,vWbgEHY3
Ryan,Tanner,Clinical research associate,Artist,hjohnson@example.net,Robertaburgh,(289)964-6800x881,70492,PxlVuv1Z
Nicole,Campbell,Bookseller,Animator,rebeccamckay@example.org,Wadeburgh,001-946-657-3671x26240,51866,annTRtb6
Roberto,Lynch,"Programmer, systems","Civil engineer, contracting",rebecca48@example.com,Stevenville,211-821-0165,10876,On9VXzLO
Oscar,Robertson,Technical brewer,Printmaker,toni41@example.org,Michaelville,(766)618-5596x7810,57610,rmPrRYzK
Thomas,King,Race relations officer,Hospital pharmacist,mccannethan@example.net,Whitebury,534-288-9267x13427,11878,9WeCkAhR
Julie,Williams,Equities trader,Analytical chemist,bushkenneth@example.net,Grayhaven,(977)214-0823x781,80773,vOz5HAPo
Patrick,Figueroa,Public relations officer,Contracting civil engineer,wzavala@example.org,Aaronland,472.694.2611x9400,38669,4w7SB7Pf
Autumn,Stevenson,Sports coach,Ceramics designer,jwashington@example.net,West Michelleberg,3204218177,50829,kfbTY6vj
Mary,Walsh,Interpreter,Chief of Staff,foxsheila@example.org,Heatherburgh,001-248-402-6396x4672,25261,L12uOpP5
Jean,Mason,"Therapist, speech and language",Hospital doctor,jennifer99@example.net,Lake Martinbury,001-975-637-8451x742,34273,Aptc9FVq
Justin,Odonnell,Chief Strategy Officer,"Designer, multimedia",susanmclaughlin@example.org,West Melissaburgh,465.703.1886x0901,83021,rRqDL8b6
Roy,Williamson,Phytotherapist,Theme park manager,abigail65@example.org,East Jamie,373.784.1179,43410,UMiKnBAO
Robert,Gonzalez,Outdoor activities/education manager,Futures trader,stephanie00@example.net,Marciaton,001-273-838-0741x8685,21817,cmfQ3DTf
Shane,Rodriguez,"Engineer, chemical",Paramedic,melinda79@example.com,East Sherry,479-447-2740,22169,AmO9aYyb
Peter,Morgan,Environmental consultant,Set designer,arnoldheather@example.net,West Jeremymouth,(465)293-5754x84586,72875,U2r324DH
Bobby,Russell,Broadcast presenter,Charity fundraiser,paulchristopher@example.net,North Jason,600-928-2364x134,56829,NWizLHbc
Zachary,Tran,Nature conservation officer,Seismic interpreter,lauradixon@example.com,New Nancy,(873)725-0352x34624,66682,CXPQX7cz
Jerry,Cole,Chief Financial Officer,"Doctor, general practice",benjamin02@example.org,Weberbury,342-807-7994x29173,84609,ZCjMafIC
David,Snow,Lawyer,"Horticulturist, amenity",johnreed@example.org,Lake Johnmouth,639-836-1484x072,31131,alnAXqgL
Deborah,Gonzalez,Psychiatric nurse,Lexicographer,adam50@example.com,Bowenshire,672.895.5567x338,65128,kF05zTb4
Cassandra,Ingram,"Engineer, aeronautical","Research officer, political party",wjohnson@example.org,Emilyburgh,(924)989-3541x85596,70265,wczmdzys
Shannon,Fernandez,Housing manager/officer,"Programmer, multimedia",robertsgina@example.com,Evanshaven,231.492.6577,37454,6GWdwxoC
Ian,Cole,Chief Financial Officer,Animal technologist,allenchristopher@example.net,New Xavierport,001-960-982-4005,92094,DUjRYmap
David,Mueller,Manufacturing engineer,Mining engineer,burnsdenise@example.com,Penamouth,310.361.6087x234,29130,aSA2Kdkv
Kim,Hill,English as a second language teacher,Recruitment consultant,creid@example.net,Moonberg,+1-705-460-2669x767,73915,DErmV5fO
Lisa,Henson,"Programme researcher, broadcasting/film/video","Civil engineer, contracting",jbrewer@example.net,Brentville,356-510-8778x837,34974,i8b8Aoq0
Brian,Gray,Company secretary,Special effects artist,agonzales@example.net,Karenmouth,(533)894-8282x44384,43592,KajpLyEk
William,Neal,"Therapist, horticultural","Pilot, airline",frederick90@example.net,Cunninghamchester,+1-578-806-2822x39784,60646,aLqGqrqe
Kenneth,Valencia,Sales promotion account executive,"Pharmacist, community",scottgross@example.org,East Jennifer,001-409-957-5531,18042,m0FcXfGH
Nancy,Sullivan,Broadcast presenter,Careers information officer,tgomez@example.org,New Thomas,312-281-3317x394,34437,4Det4P06
Cody,Wu,Merchant navy officer,Housing manager/officer,josephbooth@example.com,Wilsonview,3827925993,86284,IHjao8K2
Sally,White,Camera operator,Architectural technologist,nhendrix@example.net,Smithborough,254.974.8088x4265,74640,AwGCmcoD
Loretta,Gray,"Scientist, forensic",Equities trader,tmcdonald@example.org,East Derekmouth,+1-309-856-1876x4344,40809,PJdZSHWs
James,Johnson,Set designer,Sports development officer,bryan74@example.org,New Joseph,406.675.8448,42215,javwjoqL
Brian,Mccormick,Operational researcher,Oncologist,xrichards@example.org,South Matthew,551-263-1995x84039,91042,MaPg4Gmu
Michael,Sanchez,Heritage manager,Licensed conveyancer,kkelly@example.org,Friedmanville,637.871.3467x691,58679,kHCgTIDJ
Anthony,Khan,Metallurgist,"Therapist, art",denise73@example.net,Mckayton,(712)972-2992,71009,HJzd3q1c
Bryan,Nguyen,Optometrist,Photographer,frichards@example.net,Jamieside,+1-242-298-2111,84124,Ne3uPfut
Raymond,Spencer,Electrical engineer,Lexicographer,charles28@example.net,Jacksonfurt,3192988204,99304,PKbl9JEU
Katherine,Ferguson,Television camera operator,Proofreader,jaredvargas@example.net,Simsmouth,342-767-5647,28125,Q5Pgcohp
Tamara,Maynard,Ship broker,Quarry manager,kelly47@example.com,Port Katherineville,+1-424-459-5478x5976,62985,91LiSlWI
Lauren,Armstrong,Water quality scientist,Copy,tinacook@example.net,Leeside,001-422-887-3623x170,63213,eOHvDC8M
Natalie,Watson,Emergency planning/management officer,"Accountant, chartered management",melissa65@example.com,Gonzalezbury,583-962-3432x423,86472,rLT70rKq
Dorothy,Braun,Seismic interpreter,Air cabin crew,margaretlarson@example.com,Port Miguelfort,278-502-4976,63899,jvA3xZ42
Anita,Gonzalez,Drilling engineer,Estate agent,brianpatel@example.com,Bakerfort,001-434-979-8936x7983,33111,yVXr2o7F
James,Hicks,"Surveyor, commercial/residential",Statistician,petersonashley@example.com,Hoffmantown,232.422.4307,63947,MuqQwMne
Michael,Bell,"Teacher, primary school",Pensions consultant,kyle22@example.com,Port Heidiberg,345.266.1023x81231,22148,ejLQXlwG
Michael,Williams,Prison officer,"Production assistant, radio",bryan75@example.org,Kathyburgh,(773)642-7024x67923,85629,4f9jZ9xc
Jordan,Gutierrez,Management consultant,Audiological scientist,sethwilliams@example.com,North Johnside,(746)313-4397x070,93837,bVSEsNUv
Sheena,Padilla,Sports therapist,Training and development officer,kimberly48@example.net,Benjaminhaven,+1-348-773-5290,88805,Jys0QA7Y
Stuart,Olson,"Production designer, theatre/television/film",Ophthalmologist,hartanthony@example.org,West Veronicashire,+1-327-385-1570x03540,66098,3q6KeJHC
Amanda,Richardson,Financial controller,"Designer, television/film set",simmonsjohn@example.org,North Mary,(995)721-9880x206,88880,k6zF5Ipr
Marie,Patterson,Sport and exercise psychologist,Race relations officer,joshua82@example.org,Michaelchester,(270)500-7417,68473,xun5tqfd
Rachel,Johnson,"Engineer, automotive",Commercial/residential surveyor,matthewhunt@example.com,West Philip,(360)483-6212x188,63776,Ot1xtE4W
